ref_id,discovered_url,normalized_url,final_url,discovery_source,page_title,language,content_type,http_status,redirect_chain,capture_status,screenshots,notes
P0001,https://emiratespaints.com/,https://emiratespaints.com/,https://emiratespaints.com/,client_url_list | link:P0001 | link:P0002 | link:P0003,Emirates Paints - Premium Paints in UAE - Emirates Paints,en-US,html,200,,captured,screenshots/desktop/above-fold/P0001_home_en_desktop_fold.png | screenshots/desktop/full-page/P0001_home_en_desktop_full.png | screenshots/interactive-states/P0001_home_en_desktop_search_open.png | screenshots/interactive-states/P0001_home_en_mobile_mobile_menu_open.png | screenshots/mobile/above-fold/P0001_home_en_mobile_fold.png | screenshots/mobile/full-page/P0001_home_en_mobile_full.png | screenshots/tablet/above-fold/P0001_home_en_tablet_fold.png | screenshots/tablet/full-page/P0001_home_en_tablet_full.png,
P0002,https://emiratespaints.com/products/,https://emiratespaints.com/products/,https://emiratespaints.com/products/,client_url_list | link:P0001 | link:P0002 | link:P0003,Products - Emirates Paints,en-US,html,200,,captured,screenshots/desktop/above-fold/P0002_products_en_desktop_fold.png | screenshots/desktop/full-page/P0002_products_en_desktop_full.png | screenshots/interactive-states/P0002_products_en_desktop_search_open.png | screenshots/interactive-states/P0002_products_en_mobile_mobile_menu_open.png | screenshots/mobile/above-fold/P0002_products_en_mobile_fold.png | screenshots/mobile/full-page/P0002_products_en_mobile_full.png | screenshots/tablet/above-fold/P0002_products_en_tablet_fold.png | screenshots/tablet/full-page/P0002_products_en_tablet_full.png,
P0003,https://emiratespaints.com/product/aqua-emulsion/,https://emiratespaints.com/product/aqua-emulsion/,https://emiratespaints.com/product/aqua-emulsion/,client_url_list | link:P0002 | link:P0003,AQUA EMULSION - Emirates Paints,en-US,html,200,,captured,screenshots/desktop/above-fold/P0003_product_aqua-emulsion_en_desktop_fold.png | screenshots/desktop/full-page/P0003_product_aqua-emulsion_en_desktop_full.png | screenshots/interactive-states/P0003_product_aqua-emulsion_en_mobile_mobile_menu_open.png | screenshots/mobile/above-fold/P0003_product_aqua-emulsion_en_mobile_fold.png | screenshots/mobile/full-page/P0003_product_aqua-emulsion_en_mobile_full.png | screenshots/tablet/above-fold/P0003_product_aqua-emulsion_en_tablet_fold.png | screenshots/tablet/full-page/P0003_product_aqua-emulsion_en_tablet_full.png,
P0004,https://emiratespaints.com/product-category/red/,https://emiratespaints.com/product-category/red/,,link:P0001 | link:P0002 | link:P0003,,,html,,,pending,,
P0005,https://emiratespaints.com/inspirations/,https://emiratespaints.com/inspirations/,,link:P0001 | link:P0002 | link:P0003,,,html,,,pending,,
P0006,https://emiratespaints.com/find-a-store/,https://emiratespaints.com/find-a-store/,,link:P0001 | link:P0002 | link:P0003,,,html,,,pending,,
P0007,https://emiratespaints.com/book-a-painter/,https://emiratespaints.com/book-a-painter/,,link:P0001 | link:P0002 | link:P0003,,,html,,,pending,,
P0008,https://emiratespaints.com/about-emirates-paints/,https://emiratespaints.com/about-emirates-paints/,,link:P0001 | link:P0002 | link:P0003,,,html,,,pending,,
P0009,https://emiratespaints.com/technical-data-sheets/,https://emiratespaints.com/technical-data-sheets/,,link:P0001 | link:P0002 | link:P0003,,,html,,,pending,,
P0010,https://emiratespaints.com/brochures/,https://emiratespaints.com/brochures/,,link:P0001 | link:P0002 | link:P0003,,,html,,,pending,,
P0011,https://emiratespaints.com/contact/,https://emiratespaints.com/contact/,,link:P0001 | link:P0002 | link:P0003,,,html,,,pending,,
P0012,https://emiratespaints.com/privacy-policy-2/,https://emiratespaints.com/privacy-policy-2/,,link:P0001 | link:P0002 | link:P0003,,,html,,,pending,,
P0013,https://emiratespaints.com/terms-and-conditions/,https://emiratespaints.com/terms-and-conditions/,,link:P0001 | link:P0002 | link:P0003,,,html,,,pending,,
P0014,https://emiratespaints.com/my-account/,https://emiratespaints.com/my-account/,,link:P0001 | link:P0002 | link:P0003,,,html,,,excluded,,"Out of scope per production-safety rules (authenticated, state-changing, non-HTML feed or administrative endpoint)"
P0015,https://emiratespaints.com/wishlist,https://emiratespaints.com/wishlist,,link:P0001 | link:P0002 | link:P0003,,,html,,,pending,,
P0016,https://emiratespaints.com/visulizer,https://emiratespaints.com/visulizer,,link:P0001,,,html,,,pending,,
P0017,https://emiratespaints.com/find-store/,https://emiratespaints.com/find-store/,,link:P0001,,,html,,,pending,,
P0018,https://emiratespaints.com/products/?filter_product-type=interior,https://emiratespaints.com/products/?filter_product-type=interior,,link:P0001 | link:P0002,,,html,,,pending,,
P0019,https://emiratespaints.com/products/?filter_product-type=exterior,https://emiratespaints.com/products/?filter_product-type=exterior,,link:P0001 | link:P0002,,,html,,,pending,,
P0020,https://emiratespaints.com/products/?filter_product-type=industrial,https://emiratespaints.com/products/?filter_product-type=industrial,,link:P0001 | link:P0002,,,html,,,pending,,
P0021,https://emiratespaints.com/book-a-painter/?service=RESIDENTIAL,https://emiratespaints.com/book-a-painter/?service=RESIDENTIAL,,link:P0001,,,html,,,pending,,
P0022,https://emiratespaints.com/book-a-painter/?service=COMMERCIAL,https://emiratespaints.com/book-a-painter/?service=COMMERCIAL,,link:P0001,,,html,,,pending,,
P0023,https://emiratespaints.com/book-a-painter/?service=INDUSTRIAL,https://emiratespaints.com/book-a-painter/?service=INDUSTRIAL,,link:P0001,,,html,,,pending,,
P0024,https://emiratespaints.com/home,https://emiratespaints.com/home,,link:P0001 | link:P0002 | link:P0003,,,html,,,pending,,
P0025,https://emiratespaints.com/about-us,https://emiratespaints.com/about-us,,link:P0001 | link:P0002 | link:P0003,,,html,,,pending,,
P0026,https://emiratespaints.com/contact,https://emiratespaints.com/contact,,link:P0001 | link:P0002 | link:P0003,,,html,,,pending,,
P0027,https://emiratespaints.com/privacy-policy/,https://emiratespaints.com/privacy-policy/,,link:P0001 | link:P0002 | link:P0003,,,html,,,pending,,
P0028,https://emiratespaints.com/emirates-paints-blog/,https://emiratespaints.com/emirates-paints-blog/,,link:P0001 | link:P0002 | link:P0003,,,html,,,pending,,
P0029,https://emiratespaints.com/book-a-painter,https://emiratespaints.com/book-a-painter,,link:P0001 | link:P0002 | link:P0003,,,html,,,pending,,
P0030,https://emiratespaints.com/company-profile,https://emiratespaints.com/company-profile,,link:P0001 | link:P0002 | link:P0003,,,html,,,pending,,
P0031,https://emiratespaints.com/products/page/2/,https://emiratespaints.com/products/page/2/,,link:P0002,,,html,,,pending,,
P0032,https://emiratespaints.com/products/?filter_product-type=automotive,https://emiratespaints.com/products/?filter_product-type=automotive,,link:P0002,,,html,,,pending,,
P0033,https://emiratespaints.com/products/?filter_product-type=decorative,https://emiratespaints.com/products/?filter_product-type=decorative,,link:P0002,,,html,,,pending,,
P0034,https://emiratespaints.com/products/?filter_location=bathroom,https://emiratespaints.com/products/?filter_location=bathroom,,link:P0002,,,html,,,pending,,
P0035,https://emiratespaints.com/products/?filter_location=bedroom,https://emiratespaints.com/products/?filter_location=bedroom,,link:P0002,,,html,,,pending,,
P0036,https://emiratespaints.com/products/?filter_location=ceiling,https://emiratespaints.com/products/?filter_location=ceiling,,link:P0002,,,html,,,pending,,
P0037,https://emiratespaints.com/products/?filter_location=childrens-room,https://emiratespaints.com/products/?filter_location=childrens-room,,link:P0002,,,html,,,pending,,
P0038,https://emiratespaints.com/products/?filter_location=dining-room,https://emiratespaints.com/products/?filter_location=dining-room,,link:P0002,,,html,,,pending,,
P0039,https://emiratespaints.com/products/?filter_location=kitchen,https://emiratespaints.com/products/?filter_location=kitchen,,link:P0002,,,html,,,pending,,
P0040,https://emiratespaints.com/products/?filter_location=living-room,https://emiratespaints.com/products/?filter_location=living-room,,link:P0002,,,html,,,pending,,
P0041,https://emiratespaints.com/products/?filter_location=moving-out,https://emiratespaints.com/products/?filter_location=moving-out,,link:P0002,,,html,,,pending,,
P0042,https://emiratespaints.com/products/?filter_location=office,https://emiratespaints.com/products/?filter_location=office,,link:P0002,,,html,,,pending,,
P0043,https://emiratespaints.com/products/?filter_surface=concrete,https://emiratespaints.com/products/?filter_surface=concrete,,link:P0002,,,html,,,pending,,
P0044,https://emiratespaints.com/products/?filter_surface=grc-board,https://emiratespaints.com/products/?filter_surface=grc-board,,link:P0002,,,html,,,pending,,
P0045,https://emiratespaints.com/products/?filter_surface=gypsum,https://emiratespaints.com/products/?filter_surface=gypsum,,link:P0002,,,html,,,pending,,
P0046,https://emiratespaints.com/products/?filter_surface=mansory,https://emiratespaints.com/products/?filter_surface=mansory,,link:P0002,,,html,,,pending,,
P0047,https://emiratespaints.com/products/?filter_surface=metal,https://emiratespaints.com/products/?filter_surface=metal,,link:P0002,,,html,,,pending,,
P0048,https://emiratespaints.com/products/?filter_surface=plaster,https://emiratespaints.com/products/?filter_surface=plaster,,link:P0002,,,html,,,pending,,
P0049,https://emiratespaints.com/products/?filter_surface=wood,https://emiratespaints.com/products/?filter_surface=wood,,link:P0002,,,html,,,pending,,
P0050,https://emiratespaints.com/products/?filter_surface=glass,https://emiratespaints.com/products/?filter_surface=glass,,link:P0002,,,html,,,pending,,
P0051,https://emiratespaints.com/products/?filter_surface=steel,https://emiratespaints.com/products/?filter_surface=steel,,link:P0002,,,html,,,pending,,
P0052,https://emiratespaints.com/products/?filter_finish=clear,https://emiratespaints.com/products/?filter_finish=clear,,link:P0002,,,html,,,pending,,
P0053,https://emiratespaints.com/products/?filter_finish=gloss,https://emiratespaints.com/products/?filter_finish=gloss,,link:P0002,,,html,,,pending,,
P0054,https://emiratespaints.com/products/?filter_finish=matt,https://emiratespaints.com/products/?filter_finish=matt,,link:P0002,,,html,,,pending,,
P0055,https://emiratespaints.com/products/?filter_finish=semi-gloss,https://emiratespaints.com/products/?filter_finish=semi-gloss,,link:P0002,,,html,,,pending,,
P0056,https://emiratespaints.com/products/?filter_finish=textured,https://emiratespaints.com/products/?filter_finish=textured,,link:P0002,,,html,,,pending,,
P0057,https://emiratespaints.com/products/?filter_finish=free-flowing-liquid,https://emiratespaints.com/products/?filter_finish=free-flowing-liquid,,link:P0002,,,html,,,pending,,
P0058,https://emiratespaints.com/products/?filter_finish=transparent-clear,https://emiratespaints.com/products/?filter_finish=transparent-clear,,link:P0002,,,html,,,pending,,
P0059,https://emiratespaints.com/products/?filter_finish=viscous-10-12-poise,https://emiratespaints.com/products/?filter_finish=viscous-10-12-poise,,link:P0002,,,html,,,pending,,
P0060,https://emiratespaints.com/product/2k-primer/,https://emiratespaints.com/product/2k-primer/,,link:P0002,,,html,,,pending,,
P0061,https://emiratespaints.com/product/2k-top-coat-gloss/,https://emiratespaints.com/product/2k-top-coat-gloss/,,link:P0002,,,html,,,pending,,
P0062,https://emiratespaints.com/product/acrylic-primer/,https://emiratespaints.com/product/acrylic-primer/,,link:P0002 | link:P0003,,,html,,,pending,,
P0063,https://emiratespaints.com/product/alkyd-enamel-eco-master-gloss/,https://emiratespaints.com/product/alkyd-enamel-eco-master-gloss/,,link:P0002,,,html,,,pending,,
P0064,https://emiratespaints.com/product/alkyd-enamel-qd/,https://emiratespaints.com/product/alkyd-enamel-qd/,,link:P0002,,,html,,,pending,,
P0065,https://emiratespaints.com/product/chroma-2k-clear-gloss/,https://emiratespaints.com/product/chroma-2k-clear-gloss/,,link:P0002,,,html,,,pending,,
P0066,https://emiratespaints.com/product/chroma-2k-clear-matt/,https://emiratespaints.com/product/chroma-2k-clear-matt/,,link:P0002,,,html,,,pending,,
P0067,https://emiratespaints.com/product/chroma-2k-hardener/,https://emiratespaints.com/product/chroma-2k-hardener/,,link:P0002,,,html,,,pending,,
P0068,https://emiratespaints.com/product/chroma-2k-primer/,https://emiratespaints.com/product/chroma-2k-primer/,,link:P0002,,,html,,,pending,,
P0069,https://emiratespaints.com/product/chroma-2k-thinner/,https://emiratespaints.com/product/chroma-2k-thinner/,,link:P0002,,,html,,,pending,,
P0070,https://emiratespaints.com/product/chroma-2k-topcoat-gloss/,https://emiratespaints.com/product/chroma-2k-topcoat-gloss/,,link:P0002,,,html,,,pending,,
P0071,https://emiratespaints.com/product/chroma-2k-topcoat-matt/,https://emiratespaints.com/product/chroma-2k-topcoat-matt/,,link:P0002,,,html,,,pending,,
P0072,https://emiratespaints.com/product/chroma-emalux-base-coat/,https://emiratespaints.com/product/chroma-emalux-base-coat/,,link:P0002,,,html,,,pending,,
P0073,https://emiratespaints.com/product/chroma-emalux-primer/,https://emiratespaints.com/product/chroma-emalux-primer/,,link:P0002,,,html,,,pending,,
P0074,https://emiratespaints.com/product/chroma-nc-clear-matt/,https://emiratespaints.com/product/chroma-nc-clear-matt/,,link:P0002,,,html,,,pending,,
P0075,https://emiratespaints.com/product/chroma-nc-clear-semi-gloss/,https://emiratespaints.com/product/chroma-nc-clear-semi-gloss/,,link:P0002,,,html,,,pending,,
P0076,https://emiratespaints.com/product/chroma-nc-primer/,https://emiratespaints.com/product/chroma-nc-primer/,,link:P0002,,,html,,,pending,,
P0077,https://emiratespaints.com/product/chroma-nc-putty/,https://emiratespaints.com/product/chroma-nc-putty/,,link:P0002,,,html,,,pending,,
P0078,https://emiratespaints.com/product/chroma-nc-thinner/,https://emiratespaints.com/product/chroma-nc-thinner/,,link:P0002,,,html,,,pending,,
P0079,https://emiratespaints.com/products/page/3/,https://emiratespaints.com/products/page/3/,,link:P0002,,,html,,,pending,,
P0080,https://emiratespaints.com/products/page/4/,https://emiratespaints.com/products/page/4/,,link:P0002,,,html,,,pending,,
P0081,https://emiratespaints.com/products/page/5/,https://emiratespaints.com/products/page/5/,,link:P0002,,,html,,,pending,,
P0082,https://emiratespaints.com/product-category/women/,https://emiratespaints.com/product-category/women/,,link:P0002,,,html,,,pending,,
P0083,https://emiratespaints.com/wp-content/uploads/2022/08/AQUA-EMULSION.webp,https://emiratespaints.com/wp-content/uploads/2022/08/AQUA-EMULSION.webp,,link:P0003,,,image,,,pending,,
P0084,https://emiratespaints.com/product/shield-tex-silk/,https://emiratespaints.com/product/shield-tex-silk/,,link:P0003,,,html,,,pending,,
P0085,https://emiratespaints.com/product/ema-pu-wood-topcoat-matt-21/,https://emiratespaints.com/product/ema-pu-wood-topcoat-matt-21/,,link:P0003,,,html,,,pending,,
P0086,https://emiratespaints.com/product/emashield-pu-wood-clear-gloss-41/,https://emiratespaints.com/product/emashield-pu-wood-clear-gloss-41/,,link:P0003,,,html,,,pending,,
P0087,https://emiratespaints.com/product/hammer-finish/,https://emiratespaints.com/product/hammer-finish/,,link:P0003,,,html,,,pending,,
P0088,https://emiratespaints.com/product/polydex/,https://emiratespaints.com/product/polydex/,,link:P0003,,,html,,,pending,,
